"HLA-DQB1 Ambiguities, Release 2.28.0",,,,,,,
,,,,,,,
"Sequences identical over exon 2",,,,,,,
,,,,,,,
"Allele 1","Allele 2","Allele 3","Allele 4","Allele 5","Allele 6","Allele 7","Code in table"
" "," "," "," "," "," "," "," "
DQB1*020101,DQB1*0202,DQB1*0204," "," "," "," ",DQB1*020101/0202/0204
DQB1*030101,DQB1*030104,DQB1*0309,DQB1*0319,DQB1*0321,DQB1*0322,DQB1*0324,DQB1*03G1
DQB1*060101,DQB1*060103,DQB1*060105," "," "," "," ",DQB1*06G1
DQB1*060401,DQB1*0634,DQB1*0636,DQB1*0638,DQB1*0639," "," ",DQB1*06G2
" "," "," "," "," "," "," "," "
" ",,,,,,,
"Alleles extended due to unsequenced regions",,,,,,,
" ",,,,,,,
"The following alleles do not contain the complete exon 2 sequence. For these alleles, the sequence of an alternate allele has been used to extend the sequence to cover this region.",,,,,,,
" ",,,,,,,
"Incomplete allele","Sequence extended with",,,,,,
" "," ",,,,,,
DQB1*0203,DQB1*020101,,,,,,
DQB1*030102,DQB1*030101,,,,,,
DQB1*0307,DQB1*030101,,,,,,
DQB1*050102,DQB1*050101,,,,,,
DQB1*050202,DQB1*050201,,,,,,
DQB1*050302,DQB1*050301,,,,,,
DQB1*0504,DQB1*050101,,,,,,
DQB1*060102,DQB1*060101,,,,,,
DQB1*060502,DQB1*060501,,,,,,
DQB1*0607,DQB1*060401,,,,,,
DQB1*060801,DQB1*060801,,,,,,
DQB1*061101,DQB1*061102,,,,,,
DQB1*0613,DQB1*060101,,,,,,
DQB1*061401,DQB1*060101,,,,,,
DQB1*0618,DQB1*060101,,,,,,
DQB1*0620,DQB1*060101,,,,,,
" "," ",,,,,,
" ",,,,,,,
"Alleles removed from analysis due to insertions or deletions",,,,,,,
" ",,,,,,,
Allele,,,,,,,
" ",,,,,,,
None,,,,,,,
" ",,,,,,,
" ",,,,,,,
"Ambiguous typing combinations over exon 2",,,,,,,
" ",,,,,,,
"Combination 1","Combination 2","Combination 3","Combination 4",,,,
" "," "," "," ",,,,
DQB1*020101/0202/0204+DQB1*03G1,DQB1*0203+DQB1*0304,,,,,,
DQB1*020101/0202/0204+DQB1*030302,DQB1*0203+DQB1*030201,,,,,,
DQB1*020101/0202/0204+DQB1*030303,DQB1*0203+DQB1*030203,,,,,,
DQB1*020101/0202/0204+DQB1*0317,DQB1*0203+DQB1*030503,,,,,,
DQB1*020101/0202/0204+DQB1*0326,DQB1*0203+DQB1*0311,,,,,,
DQB1*03G1+DQB1*030201,DQB1*030302+DQB1*0304,,,,,,
DQB1*03G1+DQB1*030203,DQB1*030102+DQB1*030201,DQB1*030303+DQB1*0304,,,,,
DQB1*03G1+DQB1*030303,DQB1*030102+DQB1*030302,,,,,,
DQB1*03G1+DQB1*030501,DQB1*030102+DQB1*030503,,,,,,
DQB1*03G1+DQB1*030502,DQB1*030102+DQB1*030504,,,,,,
DQB1*03G1+DQB1*030503,DQB1*0304+DQB1*0317,,,,,,
DQB1*03G1+DQB1*0311,DQB1*0304+DQB1*0326,,,,,,
DQB1*03G1+DQB1*060201,DQB1*030102+DQB1*060202,,,,,,
DQB1*03G1+DQB1*060301,DQB1*030102+DQB1*060302,,,,,,
DQB1*030201+DQB1*030303,DQB1*030203+DQB1*030302,,,,,,
DQB1*030201+DQB1*030501,DQB1*030203+DQB1*030503,,,,,,
DQB1*030201+DQB1*030502,DQB1*030203+DQB1*030504,,,,,,
DQB1*030201+DQB1*0317,DQB1*030302+DQB1*030503,,,,,,
DQB1*030201+DQB1*0326,DQB1*030302+DQB1*0311,,,,,,
DQB1*030201+DQB1*0402,DQB1*030503+DQB1*040302,DQB1*030504+DQB1*040301,,,,,
DQB1*030201+DQB1*0404,DQB1*030501+DQB1*0325,,,,,,
DQB1*030201+DQB1*060201,DQB1*030203+DQB1*060202,,,,,,
DQB1*030201+DQB1*060301,DQB1*030203+DQB1*060302,DQB1*0308+DQB1*0632,,,,,
DQB1*030201+DQB1*060501,DQB1*0311+DQB1*0609,,,,,,
DQB1*030201+DQB1*0606,DQB1*0311+DQB1*0606,,,,,,
DQB1*030201+DQB1*060802,DQB1*0308+DQB1*0627,,,,,,
DQB1*030201+DQB1*0612,DQB1*0308+DQB1*0609,,,,,,
DQB1*030201+DQB1*0620,DQB1*0311+DQB1*060201,,,,,,
DQB1*030201+DQB1*0621,DQB1*0308+DQB1*06G2,,,,,,
DQB1*030201+DQB1*0623,DQB1*030502+DQB1*060202,DQB1*030504+DQB1*060201,,,,,
DQB1*030201+DQB1*0631,DQB1*0311+DQB1*060301,,,,,,
DQB1*030203+DQB1*0317,DQB1*030302+DQB1*030501,DQB1*030303+DQB1*030503,,,,,
DQB1*030203+DQB1*0326,DQB1*030303+DQB1*0311,,,,,,
DQB1*030203+DQB1*0402,DQB1*030501+DQB1*040302,DQB1*030502+DQB1*040301,,,,,
DQB1*030203+DQB1*0623,DQB1*030502+DQB1*060201,,,,,,
DQB1*030302+DQB1*030502,DQB1*030303+DQB1*030504,,,,,,
DQB1*030302+DQB1*0402,DQB1*0317+DQB1*040302,,,,,,
DQB1*030302+DQB1*060201,DQB1*030303+DQB1*060202,,,,,,
DQB1*030302+DQB1*060301,DQB1*030303+DQB1*060302,,,,,,
DQB1*030302+DQB1*060501,DQB1*0326+DQB1*0609,,,,,,
DQB1*030302+DQB1*0606,DQB1*0312+DQB1*0606,DQB1*0326+DQB1*0606,,,,,
DQB1*030302+DQB1*0620,DQB1*0326+DQB1*060201,,,,,,
DQB1*030302+DQB1*0631,DQB1*0326+DQB1*060301,,,,,,
DQB1*030501+DQB1*030504,DQB1*030502+DQB1*030503,,,,,,
DQB1*030501+DQB1*060202,DQB1*030503+DQB1*060201,,,,,,
DQB1*030501+DQB1*060302,DQB1*030503+DQB1*060301,,,,,,
DQB1*030502+DQB1*060302,DQB1*030504+DQB1*060301,,,,,,
DQB1*030503+DQB1*0326,DQB1*0311+DQB1*0317,,,,,,
DQB1*030504+DQB1*0620,DQB1*0311+DQB1*0623,,,,,,
DQB1*0308+DQB1*060501,DQB1*0311+DQB1*0612,,,,,,
DQB1*0312+DQB1*0606,DQB1*0326+DQB1*0606,,,,,,
DQB1*0323+DQB1*0606,DQB1*0606+DQB1*0615,,,,,,
DQB1*0325+DQB1*061401,DQB1*040302+DQB1*060302,,,,,,
DQB1*0402+DQB1*060201,DQB1*040301+DQB1*0623,,,,,,
DQB1*0402+DQB1*060301,DQB1*0404+DQB1*061401,,,,,,
DQB1*0402+DQB1*0606,DQB1*0404+DQB1*0606,,,,,,
DQB1*0402+DQB1*061101,DQB1*0404+DQB1*060201,,,,,,
DQB1*050102+DQB1*0610,DQB1*050201+DQB1*0613,,,,,,
DQB1*050102+DQB1*0625,DQB1*050201+DQB1*06G2,,,,,,
DQB1*050201+DQB1*060301,DQB1*0505+DQB1*0628,,,,,,
DQB1*050202+DQB1*060201,DQB1*050302+DQB1*0610,,,,,,
DQB1*050301+DQB1*060501,DQB1*050302+DQB1*060502,,,,,,
DQB1*060201+DQB1*060301,DQB1*061101+DQB1*061401,DQB1*061102+DQB1*061402,,,,,
DQB1*060201+DQB1*060302,DQB1*060202+DQB1*060301,,,,,,
DQB1*060201+DQB1*06G2,DQB1*060301+DQB1*0622,DQB1*060802+DQB1*0615,DQB1*0609+DQB1*061402,,,,
DQB1*060201+DQB1*060402,DQB1*0607+DQB1*0613,,,,,,
DQB1*060201+DQB1*060501,DQB1*0609+DQB1*0620,,,,,,
DQB1*060201+DQB1*0606,DQB1*0606+DQB1*061101,DQB1*0606+DQB1*0620,DQB1*0606+DQB1*0633,,,,
DQB1*060201+DQB1*0607,DQB1*060301+DQB1*0615,,,,,,
DQB1*060201+DQB1*060801,DQB1*060301+DQB1*0613,,,,,,
DQB1*060201+DQB1*0609,DQB1*061102+DQB1*0622,,,,,,
DQB1*060201+DQB1*0617,DQB1*0621+DQB1*0624,,,,,,
DQB1*060201+DQB1*0621,DQB1*0612+DQB1*061402,,,,,,
DQB1*060201+DQB1*0627,DQB1*061402+DQB1*0618,,,,,,
DQB1*060201+DQB1*0630,DQB1*060301+DQB1*0624,,,,,,
DQB1*060201+DQB1*0631,DQB1*060301+DQB1*0620,,,,,,
DQB1*060202+DQB1*06G2,DQB1*060302+DQB1*0622,,,,,,
DQB1*060202+DQB1*0607,DQB1*060302+DQB1*0615,,,,,,
DQB1*060202+DQB1*060801,DQB1*060302+DQB1*0613,,,,,,
DQB1*060202+DQB1*0630,DQB1*060302+DQB1*0624,,,,,,
DQB1*060202+DQB1*0631,DQB1*060302+DQB1*0620,,,,,,
DQB1*060301+DQB1*06G2,DQB1*0607+DQB1*060802,DQB1*0621+DQB1*0632,,,,,
DQB1*060301+DQB1*060501,DQB1*0609+DQB1*0631,,,,,,
DQB1*060301+DQB1*0606,DQB1*0606+DQB1*061401,DQB1*0606+DQB1*0631,,,,,
DQB1*060301+DQB1*0609,DQB1*06G2+DQB1*061102,DQB1*0612+DQB1*0632,,,,,
DQB1*060301+DQB1*0612,DQB1*061102+DQB1*0621,,,,,,
DQB1*060301+DQB1*0617,DQB1*0621+DQB1*0630,,,,,,
DQB1*060301+DQB1*0618,DQB1*061102+DQB1*0627,,,,,,
DQB1*060301+DQB1*0627,DQB1*060802+DQB1*0632,,,,,,
DQB1*06G2+DQB1*0606,DQB1*0606+DQB1*0627,,,,,,
DQB1*06G2+DQB1*060801,DQB1*060402+DQB1*060802,,,,,,
DQB1*06G2+DQB1*060802,DQB1*0621+DQB1*0627,,,,,,
DQB1*06G2+DQB1*0610,DQB1*0613+DQB1*0625,,,,,,
DQB1*06G2+DQB1*0612,DQB1*0609+DQB1*0621,,,,,,
DQB1*06G2+DQB1*0615,DQB1*0607+DQB1*0622,,,,,,
DQB1*06G2+DQB1*0618,DQB1*0609+DQB1*0627,,,,,,
DQB1*06G2+DQB1*0620,DQB1*060501+DQB1*061402,DQB1*0622+DQB1*0631,,,,,
DQB1*06G2+DQB1*0624,DQB1*0622+DQB1*0630,,,,,,
DQB1*06G2+DQB1*0630,DQB1*0617+DQB1*0632,,,,,,
DQB1*06G2+DQB1*0632,DQB1*0607+DQB1*0627,,,,,,
DQB1*060501+DQB1*0606,DQB1*0606+DQB1*0609,DQB1*0606+DQB1*0618,,,,,
DQB1*0606+DQB1*0607,DQB1*0606+DQB1*0632,,,,,,
DQB1*0606+DQB1*060802,DQB1*0606+DQB1*0621,,,,,,
DQB1*0606+DQB1*0609,DQB1*0606+DQB1*0618,,,,,,
DQB1*0606+DQB1*061101,DQB1*0606+DQB1*0620,DQB1*0606+DQB1*0633,,,,,
DQB1*0606+DQB1*061401,DQB1*0606+DQB1*0631,,,,,,
DQB1*0606+DQB1*0620,DQB1*0606+DQB1*0633,,,,,,
DQB1*060301+DQB1*060402,DQB1*0607+DQB1*060801,,,,,,
DQB1*0607+DQB1*0618,DQB1*0609+DQB1*0632,,,,,,
DQB1*0607+DQB1*0620,DQB1*0615+DQB1*0631,,,,,,
DQB1*0607+DQB1*0624,DQB1*0615+DQB1*0630,,,,,,
DQB1*060201+DQB1*060402,DQB1*0607+DQB1*0613,DQB1*060801+DQB1*0615,,,,,
DQB1*060801+DQB1*0620,DQB1*0613+DQB1*0631,,,,,,
DQB1*06G2+DQB1*0613,DQB1*060801+DQB1*0622,,,,,,
DQB1*060801+DQB1*0624,DQB1*0613+DQB1*0630,,,,,,
DQB1*060802+DQB1*0609,DQB1*0612+DQB1*0627,DQB1*0618+DQB1*0621,,,,,
DQB1*061102+DQB1*0617,DQB1*0612+DQB1*0630,,,,,,
DQB1*0615+DQB1*0627,DQB1*0622+DQB1*0632,,,,,,
DQB1*0620+DQB1*0630,DQB1*0624+DQB1*0631,,,,,,
" "," "," "," ",,,,
