Cw*010201,Cw*010202,Cw*0125," "," "," "," ",Cw*010201/010202/0125
Cw*0103,Cw*0124," "," "," "," "," ",Cw*0103/0124
Cw*020202,Cw*0229," "," "," "," "," ",Cw*020202/0229
Cw*030201,Cw*030202,Cw*030203," "," "," "," ",Cw*0302G1
Cw*030301,Cw*0320N,Cw*0362," "," "," "," ",Cw*03G2
Cw*03040101,Cw*03040102,Cw*030403," "," "," "," ",Cw*030401/030403
Cw*04010101,Cw*04010102,Cw*04010103,Cw*0409N,Cw*0428,Cw*0430,Cw*0441,Cw*04G1
Cw*05010101,Cw*05010102,Cw*050104,Cw*050105,Cw*0503," "," ",Cw*05G1
Cw*06020101,Cw*06020102,Cw*060203," "," "," "," ",Cw*060201/060203
Cw*070101,Cw*070102,Cw*070109,Cw*0706,Cw*0718,Cw*0752," ",Cw*07G1
Cw*07020101,Cw*07020102,Cw*07020103,Cw*0750,Cw*0766,Cw*0774," ",Cw*07G2
Cw*070401,Cw*0711," "," "," "," "," ",Cw*070401/0711
Cw*080101,Cw*0820,Cw*0822,Cw*0824," "," "," ",Cw*08G1
Cw*120201,Cw*120202," "," "," "," "," ",Cw*120201/120202
Cw*12030101,Cw*12030102,Cw*120306,Cw*1223," "," "," ",Cw*12G1
Cw*150201,Cw*1513," "," "," "," "," ",Cw*150201/1513
Cw*150501,Cw*150502,Cw*150503," "," "," "," ",Cw*1505G1
Cw*17010101,Cw*17010102,Cw*1702,Cw*1703," "," "," ",Cw*17G1
Cw*1801,Cw*1802," "," "," "," "," ",Cw*1801/1802
