A*01010101,A*01010102N,A*0104N,A*0122N,A*0132,A*0134N,A*0137,A*0145," "," "," "," "," "," "," "," "," "," "," ",A*01G1
A*02010101,A*02010102L,A*02010103,A*020108,A*020111,A*020114,A*020115,A*020121,A*0209,A*0243N,A*0266,A*0275,A*0283N,A*0289,A*029701,A*029702,A*9232,A*9234,A*9240,A*02G1
A*020501,A*9279," "," "," "," "," "," "," "," "," "," "," "," "," "," "," "," "," ",A*020501/9279
A*020601,A*9226," "," "," "," "," "," "," "," "," "," "," "," "," "," "," "," "," ",A*020601/9226
A*0207,A*0215N," "," "," "," "," "," "," "," "," "," "," "," "," "," "," "," "," ",A*0207/0215N
A*0211,A*0269," "," "," "," "," "," "," "," "," "," "," "," "," "," "," "," "," ",A*0211/0269
A*0216,A*9231," "," "," "," "," "," "," "," "," "," "," "," "," "," "," "," "," ",A*0216/9231
A*021701,A*021702," "," "," "," "," "," "," "," "," "," "," "," "," "," "," "," "," ",A*0217
A*022201,A*9204," "," "," "," "," "," "," "," "," "," "," "," "," "," "," "," "," ",A*022201/9204
A*0281,A*9224," "," "," "," "," "," "," "," "," "," "," "," "," "," "," "," "," ",A*0281/9224
A*03010101,A*03010102N,A*03010103,A*030107,A*0320,A*0321N,A*0326,A*0337,A*0345," "," "," "," "," "," "," "," "," "," ",A*03G1
A*110101,A*1121N," "," "," "," "," "," "," "," "," "," "," "," "," "," "," "," "," ",A*110101/1121N
A*110201,A*110203,A*1153," "," "," "," "," "," "," "," "," "," "," "," "," "," "," "," ",A*110201/110203/1153
A*230101,A*2307N,A*2317,A*2318,A*2320," "," "," "," "," "," "," "," "," "," "," "," "," "," ",A*23G1
A*24020101,A*24020102L,A*240203,A*240210,A*240213,A*2409N,A*2411N,A*2440N,A*2476,A*2479,A*2483N," "," "," "," "," "," "," "," ",A*24G1
A*240301,A*2433," "," "," "," "," "," "," "," "," "," "," "," "," "," "," "," "," ",A*240301/2433
A*250101,A*2507," "," "," "," "," "," "," "," "," "," "," "," "," "," "," "," "," ",A*250101/2507
A*260101,A*260107,A*2624,A*2626," "," "," "," "," "," "," "," "," "," "," "," "," "," "," ",A*26G1
A*29010101,A*29010102N," "," "," "," "," "," "," "," "," "," "," "," "," "," "," "," "," ",A*290101
A*300101,A*300102,A*3024," "," "," "," "," "," "," "," "," "," "," "," "," "," "," "," ",A*300101/300102/3024
A*300201,A*300202,A*3033," "," "," "," "," "," "," "," "," "," "," "," "," "," "," "," ",A*300201/300202/3033
A*310102,A*3114N,A*3123," "," "," "," "," "," "," "," "," "," "," "," "," "," "," "," ",A*310102/3114N/3123
A*320101,A*320102," "," "," "," "," "," "," "," "," "," "," "," "," "," "," "," "," ",A*320101/320102
A*330301,A*330303,A*3315,A*3325," "," "," "," "," "," "," "," "," "," "," "," "," "," "," ",A*33G1
A*6601,A*6608," "," "," "," "," "," "," "," "," "," "," "," "," "," "," "," "," ",A*6601/6608
A*680101,A*680107," "," "," "," "," "," "," "," "," "," "," "," "," "," "," "," "," ",A*680101/680107
A*680102,A*6811N,A*6833," "," "," "," "," "," "," "," "," "," "," "," "," "," "," "," ",A*680102/6811N/6833
A*68020101,A*68020102,A*68020103," "," "," "," "," "," "," "," "," "," "," "," "," "," "," "," ",A*680201
A*7401,A*7402," "," "," "," "," "," "," "," "," "," "," "," "," "," "," "," "," ",A*7401/7402
