B*070201,B*070206,B*070209,B*0744,B*0749N,B*0758,B*0759,B*0761,B*07G1
B*070501,B*0706," "," "," "," "," "," ",B*070501/0706
B*080101,B*0819N," "," "," "," "," "," ",B*080101/0819N
B*130201,B*130205," "," "," "," "," "," ",B*130201/130205
B*15010101,B*15010102N,B*150106,B*150107,B*9502,B*9504,B*9540,B*9546,B*15G1
B*150301,B*9503," "," "," "," "," "," ",B*150301/9503
B*1512,B*1519," "," "," "," "," "," ",B*1512/1519
B*15170101,B*15170102," "," "," "," "," "," ",B*151701
B*180101,B*180103,B*1817N," "," "," "," "," ",B*18G1
B*270502,B*270504,B*2713," "," "," "," "," ",B*270502/270504/2713
B*350101,B*350103,B*3540N,B*3542,B*3557,B*3594," "," ",B*35G1
B*350301,B*3570," "," "," "," "," "," ",B*350301/3570
B*3543,B*3567,B*3579," "," "," "," "," ",B*3543/3567/3579
B*380201,B*3818," "," "," "," "," "," ",B*380201/3818
B*39010101,B*39010102L,B*390103,B*3946," "," "," "," ",B*39G1
B*400101,B*400102,B*4055," "," "," "," "," ",B*40G1
B*400201,B*4056,B*4097," "," "," "," "," ",B*400201/4056/4097
B*40060101,B*40060102," "," "," "," "," "," ",B*400601
B*44020101,B*44020102S,B*4419N,B*4427,B*4466," "," "," ",B*44G1
B*440301,B*440303,B*440304," "," "," "," "," ",B*440301/440303/440304
B*4501,B*4507," "," "," "," "," "," ",B*4501/4507
B*460101,B*4615N," "," "," "," "," "," ",B*460101/4615N
B*47010101,B*47010102," "," "," "," "," "," ",B*470101
B*480101,B*4809," "," "," "," "," "," ",B*480101/4809
B*510101,B*510105,B*510107,B*5111N,B*5130,B*5132,B*5148,B*5151,B*51G1
B*520101,B*5207," "," "," "," "," "," ",B*520101/5207
B*5401,B*5417," "," "," "," "," "," ",B*5401/5417
B*550101,B*550103," "," "," "," "," "," ",B*550101/550103
B*550201,B*550205," "," "," "," "," "," ",B*550201/550205
B*560101,B*5624," "," "," "," "," "," ",B*5601/5624
B*570101,B*5729," "," "," "," "," "," ",B*570101/5729
B*580101,B*580104,B*5811," "," "," "," "," ",B*580101/580104/5811
B*8101,B*8102,B*8103," "," "," "," "," ",B*8101/8102/8103
B*9523,B*9551," "," "," "," "," "," ",B*9523/9551
